{"title": "Apple iPhone 6 (32G)-金色", "link": "http://24h.pchome.com.tw/prod/DYAJ8Q-A9007YMKI", "desc": "金色32G★超值熱銷機Apple iPhone 6 (32G)-金色", "price": 12688},
{"title": "\tApple iPhone X (256G)-銀色", "link": "http://24h.pchome.com.tw/prod/DYAJ2M-19008IU53", "desc": "銀色★熱銷搶購Apple iPhone X (256G) -銀色", "price": 41500},
{"title": "Apple iPhone X (256G)-銀色", "link": "http://24h.pchome.com.tw/prod/DYAJ93-A9008I2EY", "desc": "▼Apple↘全場9折起▼銀色★12/01 00:00 準時開搶★Apple iPhone X (256G) -銀色", "price": 41500},
{"title": "Apple iPhone X (256G)-太空灰", "link": "http://24h.pchome.com.tw/prod/DYAJ93-A9008I2D8", "desc": "▼Apple↘全場9折起▼太空灰★12/01 00:00 準時開搶★Apple iPhone X (256G)-太空灰", "price": 41500},
{"title": "Apple iPhone X (64G)-太空灰", "link": "http://24h.pchome.com.tw/prod/DYAJ2Y-A9008IJ8O", "desc": "太空灰★熱銷搶購Apple iPhone X (64G) -太空灰", "price": 35900},
{"title": "Apple Lightning 8pin 原廠USB傳輸線/充電線 Apple iPhone 7 / 6s / iPad / iPod", "link": "http://24h.pchome.com.tw/prod/DYAP00-A9007KUKI", "desc": "★Apple傳輸線 新版 iPhoneX / iPhone8 / iPhone8 Plus / iPhone7 保固一年★Apple Lightning 8Pin iPhone7 / 6s / 5 新版傳輸線 iOS 11 ", "price": 199},
{"title": "美國 Case-Mate iPhone X Tough Clear 強悍防摔手機保護殼 - 透明", "link": "http://24h.pchome.com.tw/prod/DYAR94-A9008EOD1", "desc": "美國 Case-Mate iPhone X (5.8\") Tough Clear 強悍防摔手機保護殼 - 透明   ", "price": 1098},
{"title": "Apple iPhone 8 Plus (64G)", "link": "http://24h.pchome.com.tw/prod/DYAJA0-A9008FBGH", "desc": "▼Apple↘全場9折起▼銀★破盤超低價Apple iPhone 8 Plus (64G)", "price": 28900},
{"title": "Apple iPhone X (64G)-銀色", "link": "http://24h.pchome.com.tw/prod/DYAJ2Y-A9008K71I", "desc": "▼Apple↘全場9折起▼銀色★熱銷搶購Apple iPhone X (64G) ", "price": 35900},
{"title": "Apple iPhone X (256G)-太空灰", "link": "http://24h.pchome.com.tw/prod/DYAJ93-19008IIKQ", "desc": "太空灰★熱銷搶購Apple iPhone X (256G) -太空灰", "price": 41500},
{"title": "Apple iPhone X (64G)", "link": "http://24h.pchome.com.tw/prod/DYAJ2Y-A9008JTKW", "desc": "贈i線套(二入)+行動電源+玻璃貼+保護套Apple iPhone X (64G) ", "price": 38900},
{"title": "\tApple iPhone 7 (128G)-紅色", "link": "http://24h.pchome.com.tw/prod/DYAJ83-190080BHS", "desc": "Apple iPhone 7 (128G) -RED", "price": 23500},
{"title": "Apple iPhone 8 Plus (64G)-金色", "link": "http://24h.pchome.com.tw/prod/DYAJA0-A9008F4ZL", "desc": "金色★送MFi傳輸線Apple iPhone 8 Plus (64G) ", "price": 28900},
{"title": "Apple iPhone 8 Plus (64G)", "link": "http://24h.pchome.com.tw/prod/DYAJA0-A9008F50D", "desc": "灰l銀色★送保殼+保貼+傳輸線Apple iPhone 8 Plus (64G) ", "price": 28900},
{"title": "Apple iPhone X (64G)-銀色", "link": "http://24h.pchome.com.tw/prod/DYAJ2Y-A9008IJ8M", "desc": "銀色★熱銷搶購Apple iPhone X (64G) -銀", "price": 35900},
{"title": "Apple iPhone 7 Plus (128G)", "link": "http://24h.pchome.com.tw/prod/DYAJ86-A900858AK", "desc": "黑l金★熱銷超值機Apple iPhone 7 Plus (128G) ", "price": 28100},
{"title": "Apple iPhone X (64G)-銀色", "link": "http://24h.pchome.com.tw/prod/DYAJ2Y-A9008I2F0", "desc": "▼Apple↘全場9折起▼銀色★12/01 00:00 準時開搶★Apple iPhone X (64G)-銀色", "price": 35900},
{"title": "Tech21 英國超衝擊 Pure Clear iPhone X 防撞硬式清透保護殼", "link": "http://24h.pchome.com.tw/prod/DYAR94-A9008FB3N", "desc": "▼結帳折$124‧送SW 4合1觸控筆▼Tech21 英國超衝擊 Pure Clear iPhone X  防撞硬式清透保護殼【硬式】此商品適用手機無線充電功能", "price": 1280},
{"title": "Apple iPhone 8 Plus (64G)-金色(MQ8N2TA/A)", "link": "http://24h.pchome.com.tw/prod/DYAJA0-19008I7BY", "desc": "▼Apple↘全場9折起▼金色★破盤超低價Apple iPhone 8 Plus (64G) ", "price": 28900},
{"title": "Apple iPhone 6s Plus (32G)", "link": "http://24h.pchome.com.tw/prod/DYAJ88-A900858QI", "desc": "▼Apple↘全場9折起▼玫瑰金★熱銷限時下殺Apple iPhone 6s Plus(32G)", "price": 18500},
{"title": "iMos iPhone X 2.5D 滿版 Accessory Glass 2 by Corning 美國康寧玻璃保護貼 - 黑色", "link": "http://24h.pchome.com.tw/prod/DYAH7C-A9008FG8E", "desc": " iMos iPhone X 2.5D 滿版 Accessory Glass 2 by Corning 美國康寧玻璃保護貼黑色", "price": 990},
{"title": "iPhone X 氣囊式防摔殼", "link": "http://24h.pchome.com.tw/prod/DYAR94-A9008F063", "desc": " ◤獨家音源導出設計◢iPhone X氣囊式防摔手機殼【🔊喇叭孔輸出升級】", "price": 299},
{"title": "Apple iPhone X (256G)", "link": "http://24h.pchome.com.tw/prod/DYAJ93-A9008JTLS", "desc": "贈五孔快速充電器+行動電源+玻璃貼+保護套Apple iPhone X (256G) ", "price": 44800},
{"title": "Apple iPhone 8 Plus (256G)-金色", "link": "http://24h.pchome.com.tw/prod/DYAJA1-A9008F51U", "desc": "金色★送傳輸線+玻璃保貼Apple iPhone 8 Plus (256G) ", "price": 34500},
{"title": "Moshi Vitros for iPhone X 超薄透亮保護背殼", "link": "http://24h.pchome.com.tw/prod/QAAO0Y-A9008GX2K", "desc": "Moshi Vitros for iPhone X 超薄透亮保護背殼", "price": 890},
{"title": "Apple iPhone X (256G)-銀色", "link": "http://24h.pchome.com.tw/prod/DYAJ93-A9008IJC4", "desc": "銀色★熱銷搶購Apple iPhone X (256G) -銀色", "price": 41500},
{"title": "UAG iPhone X 耐衝擊全透保護殼-透明", "link": "http://24h.pchome.com.tw/prod/DYAR94-A9008HHO0", "desc": "UAG iPhone X 耐衝擊全透保護殼-透明", "price": 1280},
{"title": "Apple iPhone 8 (64G)", "link": "http://24h.pchome.com.tw/prod/DYAJ9Y-A9008F4VJ", "desc": "▼11週年慶↘重磅回歸▼灰l銀色★送保殼貼+MFi傳輸線Apple iPhone 8 (64G) ", "price": 24990},
{"title": "Apple iPhone X (256G)-太空灰", "link": "http://24h.pchome.com.tw/prod/DYAJ93-A9008KI9E", "desc": "太空灰★熱銷搶購Apple iPhone X (256G) ", "price": 41500},
{"title": "Apple Lightning 8pin 200cm 2M 原廠USB傳輸線/充電線 iPhone 7 / 6s / iPad / iPod", "link": "http://24h.pchome.com.tw/prod/DYAP00-A9007O5LS", "desc": "★Apple原廠傳輸線 新版 iPhoneX / iPhone8 / iPhone8 Plus / iPhone7 保固一年★Apple Lightning 8Pin iPhone7 / 6s / 5 新版傳輸線 iOS 11 ", "price": 249},
{"title": "Apple iPhone 8 Plus (64G)", "link": "http://24h.pchome.com.tw/prod/DYAJA0-A9008FBTU", "desc": "▼11週年慶↘重磅回歸▼灰l銀★送無線充電板+保殼+玻璃保貼Apple iPhone 8 Plus (64G) ", "price": 28900},
{"title": "Apple iPhone 7 Plus (128G)-玫瑰金", "link": "http://24h.pchome.com.tw/prod/DYAJ86-19008J3M7", "desc": "玫瑰金★下殺熱銷搶購Apple iPhone 7 Plus (128G) ", "price": 28100},
{"title": "innowatt iPhone X 氣墊減震防摔保護殼 (OLED全屏/透明款)", "link": "http://24h.pchome.com.tw/prod/DYAR94-A9008EMNN", "desc": "鴻海ODM設計製造innowatt iPhone X 氣墊減震防摔保護殼 (OLED全屏/透明款)", "price": 490},
{"title": "犀牛盾 Mod 邊框背蓋二用手機殼 - iPhone X 黑色", "link": "http://24h.pchome.com.tw/prod/DYAR94-A9008IDIN", "desc": "㊣犀牛盾◆黑色犀牛盾Mod 邊框背蓋二用手機殼 for iPhone X 黑色", "price": 800},
{"title": "Apple iPhone 8 (64G)-太空灰(MQ6G2TA/A)", "link": "http://24h.pchome.com.tw/prod/DYAJ9Y-19008I795", "desc": "▼Apple↘全場9折起▼太空灰★限時破盤下殺Apple iPhone 8 (64G) ", "price": 25500},
{"title": "Apple iPhone 8 (64G)-金色", "link": "http://24h.pchome.com.tw/prod/DYAJ9Y-A9008F4S4", "desc": "金色★送保殼貼+MFi傳輸線Apple iPhone 8 (64G) ", "price": 24990},
{"title": "Apple iPhone 8 Plus (256G)", "link": "http://24h.pchome.com.tw/prod/DYAJA1-A9008FBJ1", "desc": "▼Apple↘全場9折起▼銀l灰★限時下殺超低價Apple iPhone 8 Plus (256G) ", "price": 34500},
{"title": "Apple iPhone 8 (256G)", "link": "http://24h.pchome.com.tw/prod/DYAJ9Z-A9008FBGD", "desc": "▼11週年慶↘重磅回歸▼灰l銀色★送MFi傳輸線Apple iPhone 8 (256G) ", "price": 29999},
{"title": "Apple iPhone 7 (32G)", "link": "http://24h.pchome.com.tw/prod/DYAJ81-A9007I9D3", "desc": "▼11週年慶↘重磅回歸▼黑色★送保殼+玻璃保貼Apple iPhone 7 (32G)", "price": 19500},
{"title": "犀牛盾 Mod 邊框背蓋二用手機殼 - iPhone 8 / iPhone 7 靛藍", "link": "http://24h.pchome.com.tw/prod/DYAR5G-A9008IEFA", "desc": "㊣犀牛盾◆靛藍犀牛盾Mod 邊框背蓋二用手機殼 for iPhone 8 / iPhone 7 靛藍", "price": 800},
{"title": "美國 Case-Mate iPhone X Naked Tough 雙層防摔手機保護殼 - 透明", "link": "http://24h.pchome.com.tw/prod/DYAR94-A9008GEMR", "desc": "美國 Case-Mate iPhone X Naked Tough 雙層防摔手機保護殼 - 透明", "price": 1200},
{"title": "福利品-Apple iPhone 6S 64G (A1688)", "link": "http://24h.pchome.com.tw/prod/DYAJ2X-A9007TAJT", "desc": "▼限量出清▼【福利品】Apple iPhone 6s 64G 4.7吋智慧型手機", "price": 15900},
{"title": "Apple iPhone X (64G)", "link": "http://24h.pchome.com.tw/prod/DYAJ2Y-A9008IM02", "desc": "送usb小燈+立架Apple iPhone X (64G) ", "price": 37900},
{"title": "Apple iPhone 7 Plus (128G)-玫瑰金(MN4U2TA/A)", "link": "http://24h.pchome.com.tw/prod/DYAJ86-190086PP1", "desc": ">玫瑰金★超值熱銷機Apple iPhone 7 Plus (128G) ", "price": 28100},
{"title": "\tApple iPhone 7 Plus (256G)-紅色", "link": "http://24h.pchome.com.tw/prod/DYAJ85-19008090U", "desc": "紅色★超值熱銷機Apple iPhone 7 Plus (256G) ", "price": 32500},
{"title": "ESR億色 iPhone 7手機殼 超輕薄磨砂質感手機保護殼 鋒尚系列 4.7吋", "link": "http://24h.pchome.com.tw/prod/DYAR5G-A9008J0WN", "desc": "超薄0.5mmESR億色 iPhone 7手機殼 超輕薄磨砂質感手機保護殼 鋒尚系列 4.7吋", "price": 350},
{"title": "【福利品】 iPhone 5S 16GB", "link": "http://24h.pchome.com.tw/prod/DYAJ2R-A9007YKK7", "desc": "◤今日驚喜‧限量搶購◢❤贈已貼妥鋼化膜 ❤4G高速上網❤指紋辨識功能❤1080P HD高畫質攝錄功能❤", "price": 5990},
{"title": "Apple iPhone X (64G)-銀色", "link": "http://24h.pchome.com.tw/prod/DYAJ3N-19008J0CK", "desc": "銀色★熱銷搶購Apple iPhone X (64G)-銀色", "price": 35900},
{"title": "iPhone X【5.8吋】4D鋼化玻璃膜", "link": "http://24h.pchome.com.tw/prod/DYAH7G-A9008HTW3", "desc": "▼詢問度最高▼iPhone X 5.8吋★4D曲面覆蓋★ 滿版鋼化玻璃膜", "price": 350},
{"title": "ESR億色 iPhone 7 Plus手機殼 輕薄磨砂質感手機保護殼 鋒尚系列 5.5吋", "link": "http://24h.pchome.com.tw/prod/DYAR5K-A9008J0Y0", "desc": "ESR億色 iPhone 7 Plus手機殼 輕薄磨砂質感手機保護殼 鋒尚系列 5.5吋", "price": 350},
{"title": "Apple iPhone SE(32G)", "link": "http://24h.pchome.com.tw/prod/DYAJ93-A9007ZVAU", "desc": "金色★限量必買Apple iPhone SE(32G)", "price": 12900},
{"title": "UAG iPhone X 頂級版耐衝擊保護殼-碳黑", "link": "http://24h.pchome.com.tw/prod/DYAR94-A9008HNH0", "desc": "UAG iPhone X 頂級版耐衝擊保護殼-碳黑", "price": 1880},
{"title": "美國 Case-Mate iPhone X Naked Tough 雙層防摔手機保護殼 - 煙霧黑", "link": "http://24h.pchome.com.tw/prod/DYAR94-A9008G7RI", "desc": "美國 Case-Mate iPhone X Naked Tough 雙層防摔手機保護殼 - 煙霧黑", "price": 1200},
{"title": "犀牛盾Crashguard防摔邊框手機殼 - iPhone X 靛藍色", "link": "http://24h.pchome.com.tw/prod/DYAR94-A9008ID2K", "desc": "㊣犀牛盾◆靛藍色犀牛盾Crashguard防摔邊框手機殼 for iPhone X 靛藍色", "price": 680},
{"title": "犀牛盾PLAYPROOF 防摔背蓋手機殼透明款 - iPhone 8 Plus / 7 Plus 透明黑", "link": "http://24h.pchome.com.tw/prod/DYAR5K-A9008GR5D", "desc": "㊣犀牛盾◆黑色犀牛盾PLAYPROOF 防摔背蓋手機殼透明款for iPhone 7+ / 8+  透明黑", "price": 730},
{"title": "Apple 蘋果 耳機 EarPods iPhone6 6s 5s iPod iPad 線控耳機 3.5mm 保固一年", "link": "http://24h.pchome.com.tw/prod/DCAY1V-A9007ZJW3", "desc": "【Apple EarPods 線控耳機】Apple iPhone6 6s 5s 3.5mm 麥克風 保固一年", "price": 430},
{"title": "犀牛盾PLAYPROOF 防摔背蓋手機殼純色款 - iPhone 8 Plus / 7 Plus 極致黑", "link": "http://24h.pchome.com.tw/prod/DYAR5K-A9008GR6Z", "desc": "㊣犀牛盾 ◆極致黑犀牛盾PLAYPROOF 防摔背蓋手機殼純色款for iPhone 7+ / 8+ 極致黑", "price": 730},
{"title": "POWER SUPPORT iPhone X Air Jacket 超薄保護殼", "link": "http://24h.pchome.com.tw/prod/DYAR1Q-A9008IGM4", "desc": "POWER SUPPORT iPhone X Air Jacket 超薄保護殼 ", "price": 980},
{"title": "A-Simple 簡單貼 APPLE IPHONE7 PLUS 9H強化玻璃保護貼(兩入組)", "link": "http://24h.pchome.com.tw/prod/DYAH69-A9007KAL5", "desc": "A-Simple 簡單貼 APPLE iPhone 7Plus/iPhone 8Plus(5.5吋) 9H強化玻璃保護貼(兩入組) ", "price": 199},
{"title": "極薄防刮抗指紋保護套 for iPhone X", "link": "http://24h.pchome.com.tw/prod/DYAR94-A9008EM7T", "desc": "極薄防刮抗指紋保護套 for iPhone X 多色可選", "price": 599},
{"title": "犀牛盾 Mod 邊框背蓋二用手機殼 - iPhone X 山茶紅", "link": "http://24h.pchome.com.tw/prod/DYAR94-A9008IDK3", "desc": "㊣犀牛盾◆山茶紅犀牛盾Mod 邊框背蓋二用手機殼 for iPhone X 山茶紅", "price": 800},
{"title": "Apple iPhone 7 Plus (32G)", "link": "http://24h.pchome.com.tw/prod/DYAJ81-A9007I9K2", "desc": "▼11週年慶↘重磅回歸▼黑色|玫瑰金★送玻璃保貼+保殼Apple iPhone 7 Plus (32G) ", "price": 23999},
{"title": "iPhone7 Plus 5.5吋 氣囊式防摔殼", "link": "http://24h.pchome.com.tw/prod/DYAR5K-A9008C057", "desc": "◤獨家音源導出設計◢iPhone 8 / 7 Plus 5.5吋氣囊式防摔手機殼【🔊喇叭孔輸出升級】", "price": 299},
{"title": "\tApple iPhone 7 (128G)-曜石黑(MN962TA/A)", "link": "http://24h.pchome.com.tw/prod/DYAJ83-1900802CB", "desc": "超值熱銷機Apple iPhone 7 (128G)-曜石黑", "price": 23500},
{"title": "ESR億色 iPhone X 5.8吋手機殼 輕薄氣囊防摔透明保護殼 初色原護系列", "link": "http://24h.pchome.com.tw/prod/DYAR94-A9008FRYC", "desc": "四角加厚 加倍防護ESR億色 iPhone X 5.8吋手機殼 輕薄氣囊防摔透明保護殼 初色原護系列", "price": 350},
{"title": "K11 Bumper 複合材質抗衝擊金屬框(iPhone 7 5.5吋專用)", "link": "http://24h.pchome.com.tw/prod/DYAR5K-A9007TTLH", "desc": "K11 Bumper for iPhone 7/8 Plus (5.5吋) 挑戰地表最強金屬框-獨家複合材質抗衝擊技術", "price": 1380},
{"title": "Apple iPhone 8 Plus (256G)-銀色(MQ8Q2TA/A)", "link": "http://24h.pchome.com.tw/prod/DYAJA1-19008I7DF", "desc": "▼Apple↘全場9折起▼銀色★限時下殺超低價Apple iPhone 8 Plus (256G) ", "price": 34500},
{"title": "Apple iPhone 8 (64G)-金色", "link": "http://24h.pchome.com.tw/prod/DYAJ9Y-A9008FBC5", "desc": "金色★超值熱銷機Apple iPhone 8 (64G) ", "price": 25500},
{"title": "【福利品APPLE】iPhone 7 PLUS 128G 5.5吋 (七成B)", "link": "http://24h.pchome.com.tw/prod/QAANCI-A90086VPZ", "desc": "【福利品APPLE】iPhone 7 PLUS 128G 5.5吋 (七成新)", "price": 21500},
{"title": "Apple iPhone 8 (64G)-銀色(MQ6H2TA/A)", "link": "http://24h.pchome.com.tw/prod/DYAJ9Y-19008I7A9", "desc": "▼Apple↘全場9折起▼銀色★限時破盤下殺Apple iPhone 8 (64G)", "price": 25500},
{"title": "Apple iPhone 8 Plus (256G)-太空灰(MQ8P2TA/A)", "link": "http://24h.pchome.com.tw/prod/DYAJ7G-19008I7G7", "desc": "▼Apple↘全場9折起▼太空灰★限時下殺超低價Apple iPhone 8 Plus (256G) ", "price": 34500},
{"title": "犀牛盾 Mod 邊框背蓋二用手機殼 - iPhone 8 Plus / iPhone 7 Plus 山茶紅", "link": "http://24h.pchome.com.tw/prod/DYAR5K-A9008IEKL", "desc": "㊣犀牛盾◆山茶紅犀牛盾Mod 邊框背蓋二用手機殼 for iPhone 8 Plus / iPhone 7 Plus 山茶紅", "price": 800},
{"title": "UAG iPhone 7/8Plus 耐衝擊保護殻-透黑", "link": "http://24h.pchome.com.tw/prod/DYAR5K-A9008FEMN", "desc": "UAG iPhone 7/8 Plus 耐衝擊保護殻-透黑", "price": 1380},
{"title": "X-Doria Apple iPhone X BUMP 星盾保護邊框 - 藍", "link": "http://24h.pchome.com.tw/prod/DYAR94-A9008JN1F", "desc": "X-Doria iPhone X BUMP 星盾保護邊框 - 優雅藍", "price": 441},
{"title": "Apple iPhone 8 (64G)-金色", "link": "http://24h.pchome.com.tw/prod/DYAJ9Y-A9008FBRW", "desc": "金色★送保殼+玻璃保貼Apple iPhone 8 (64G) ", "price": 24990},
{"title": "Baseus倍思 iPhone X 羽翼殼", "link": "http://24h.pchome.com.tw/prod/DYAR94-A9008HE7U", "desc": "Baseus倍思 iPhoneX 羽翼殼 抗刮手機殼 裸機手感 抗刮手機保護套", "price": 250},
{"title": "Tech21 英國超衝擊 Evo Check iPhone X 防撞軟質格紋保護殼 - 透黑", "link": "http://24h.pchome.com.tw/prod/DYAR94-A9008FB2G", "desc": "▼結帳折$124‧送SW 4合1觸控筆▼Tech21 英國超衝擊 Evo Check iPhone X 防撞軟質格紋保護殼 - 透黑此商品適用手機無線充電功能", "price": 1280},
{"title": "Apple iPhone 8 (256G)", "link": "http://24h.pchome.com.tw/prod/DYAJ9Z-A9008F4YW", "desc": "灰/銀色★超值熱銷機Apple iPhone 8 (256G) ", "price": 30900},
{"title": "【iPhone 6 Plus】不碎邊3D鋼化玻璃膜 曲面滿版/i6S Plus手機保護貼膜", "link": "http://24h.pchome.com.tw/prod/DYAH5J-A9008AEMS", "desc": "【不碎邊】iPhone 6/6S Plus 曲面滿版3D鋼化玻璃膜", "price": 339},
{"title": "Apple iPhone 8 Plus (256G)-金色(MQ8R2TA/A)", "link": "http://24h.pchome.com.tw/prod/DYAJ7G-19008I7GM", "desc": "▼Apple↘全場9折起▼金色★限時下殺超低價Apple iPhone 8 Plus (256G) ", "price": 34500},
{"title": "Apple iPhone 7 Plus (128G)", "link": "http://24h.pchome.com.tw/prod/DYAJ86-A9008J8AS", "desc": "黑l粉★超值熱賣機Apple iPhone 7 Plus (128G) ", "price": 28100},
{"title": "Baseus倍思 iPhone X 明燦殼", "link": "http://24h.pchome.com.tw/prod/DYAR94-A9008HE46", "desc": "Baseus倍思 iPhoneX 明燦殼 透明抗刮手機殼 電鍍金屬質感邊條 抗刮手機保護套", "price": 390},
{"title": "Tech21 英國超衝擊 Evo Wallet  iPhone X  防撞軟質保護皮套 - 黑", "link": "http://24h.pchome.com.tw/prod/DYAR6B-A9008HA47", "desc": "▼結帳折$124‧送SW 4合1觸控筆▼Tech21 英國超衝擊 Evo Wallet iPhone X 防撞軟質保護皮套 - 黑此商品適用手機無線充電功能", "price": 1680},
{"title": "Moshi Vitros for iPhone 8 Plus/7 Plus 超薄透亮保護背殼", "link": "http://24h.pchome.com.tw/prod/QAAO0Y-A9008GGVX", "desc": "Moshi Vitros for iPhone 8 Plus/7 Plus 超薄透亮保護背殼", "price": 890},
{"title": "Apple iPhone X (5.8吋)  全屏覆蓋滿版款 9H硬度鋼化玻璃保護貼", "link": "http://24h.pchome.com.tw/prod/DYAH7G-A9008HQX9", "desc": "Apple iPhone X (5.8吋)  全屏覆蓋滿版款 9H硬度鋼化玻璃保護貼", "price": 239},
{"title": "【iPhone 7 Plus】不碎邊3D鋼化玻璃膜 曲面滿版/i7 Plus手機保護貼膜", "link": "http://24h.pchome.com.tw/prod/DYAH69-A9008AEM3", "desc": "【不碎邊】iPhone 7 Plus 曲面滿版3D鋼化玻璃膜", "price": 339},
{"title": "Apple iPhone 6s Plus(64G)-銀色", "link": "http://24h.pchome.com.tw/prod/DYAJ3P-A900879B5", "desc": "銀色▼★熱銷機保固一年Apple iPhone 6s Plus(64G)Apple Certified pre-owned版", "price": 18500},
{"title": "犀牛盾PLAYPROOF 防摔背蓋手機殼透明款 - iPhone 8 / 7 透明黑", "link": "http://24h.pchome.com.tw/prod/DYAR5G-A9008GR5I", "desc": "㊣犀牛盾◆黑色犀牛盾PLAYPROOF 防摔背蓋手機殼透明款for iPhone 7 / 8  透明黑", "price": 730},
{"title": "Moshi iGlaze for iPhone X 超薄時尚保護背殼", "link": "http://24h.pchome.com.tw/prod/DYAR1I-A9008I2IA", "desc": "Moshi iGlaze for iPhone X 超薄時尚保護背殼", "price": 990},
{"title": "iPhone 7 Plus專屬 5.5”損傷自我修復透明保護殼", "link": "http://24h.pchome.com.tw/prod/DYAR5K-A9007LI9P", "desc": "★台灣產製★Apple特約店同款產品$790,我們只賣$490 BunnyTech iPhone 7 Plus 手機殼 損傷自我修復透明保護殼 PC硬殼底材堅韌永不變黃 ", "price": 490},
{"title": "美國 Case-Mate iPhone X Tough Clear 強悍防摔手機保護殼 - 透明", "link": "http://24h.pchome.com.tw/prod/QAAMHB-A9008I32V", "desc": "美國 Case-Mate iPhone X (5.8\") Tough Clear 強悍防摔手機保護殼 - 透明", "price": 1098},
{"title": "Apple Lightning 8pin 原廠USB傳輸線/充電線 + 5W 1A 旅充頭 豆腐頭 iPhone 7 / 6s ", "link": "http://24h.pchome.com.tw/prod/DYAP00-A9007RGDK", "desc": "【Apple原廠套餐組1M傳輸線+5W充電器】新版 iPhoneX / iPhone8 / iPhone8 Plus / iPhone7iPhone 7 / 6s 原廠充電器+傳輸線 ", "price": 649},
{"title": "Apple iPhone X (256G)-銀色", "link": "http://24h.pchome.com.tw/prod/DYAJ93-A9008K734", "desc": "▼Apple↘全場9折起▼銀色★熱銷搶購Apple iPhone X (256G) -銀色", "price": 41500},
{"title": "犀牛盾PLAYPROOF 防摔背蓋手機殼透明款 - iPhone 8 Plus / 7 Plus 透明粉", "link": "http://24h.pchome.com.tw/prod/DYAR5K-A9008GULH", "desc": "㊣犀牛盾◆透明粉犀牛盾PLAYPROOF 防摔背蓋手機殼透明款for iPhone 7 Plus / 8 Plus 透明粉", "price": 730},
{"title": "Moshi Vitros for iPhone X 超薄透亮保護背殼", "link": "http://24h.pchome.com.tw/prod/DYAR1I-A9008IXYZ", "desc": "Moshi Vitros for iPhone X 超薄透亮保護背殼", "price": 890},
{"title": "【hoda好貼】iPhone X 2.5D進化版邊緣強化滿版9H鋼化玻璃保護貼-黑色", "link": "http://24h.pchome.com.tw/prod/DYAH7G-A9008EN9C", "desc": "【hoda好貼】iPhone X 2.5D進化版邊緣強化滿版9H鋼化玻璃保護貼-黑色(附背貼", "price": 790},
{"title": "Apple iPhone 6s Plus(64G)-玫瑰金", "link": "http://24h.pchome.com.tw/prod/DYAJ3P-A9008FRTC", "desc": "玫瑰金▼★熱銷機保固一年Apple iPhone 6s Plus(64G)Apple Certified pre-owned版", "price": 18500},
{"title": "PhotoFast Memory Cable USB 3.0 64G線型iPhone/iPad隨身碟", "link": "http://24h.pchome.com.tw/prod/DGCD1C-A9008BTNY", "desc": "PhotoFast Memory Cable USB 3.0 64G線型iPhone/iPad隨身碟 ", "price": 2499},
{"title": "GOR for 蘋果Apple iPhone X 康寧大猩猩(超薄0.15mm)鋼化玻璃保護貼9H", "link": "http://24h.pchome.com.tw/prod/DYAH7G-A9008F14Q", "desc": "GOR for 蘋果Apple iPhone X/iPhoneX  康寧大猩猩0.15mm 鋼化玻璃保護貼9H(2.5D弧邊)", "price": 458},
{"title": "Ringke iPhone X [Fusion] 透明背蓋防撞手機殼 [ Rearth Ringke Fusion ]", "link": "http://24h.pchome.com.tw/prod/DYAR94-A9008GV3B", "desc": "Ringke FusioniPhone X 透明PC防刮背蓋 + TPU防摔防撞邊框 手機保護殼", "price": 525},
