{"title": "DZRZVD杜戛地【男款兩件式外套】~防風.擋雨.保暖三合一【軍綠色】", "link": "http://24h.pchome.com.tw/prod/DICFDZ-A9005OHMD", "desc": "DZRZVD杜戛地13077男款兩件式外套(軍綠色)", "price": 1599},
{"title": "DZRZVD杜戛地【男款】兩件式外套~防風.擋雨.保暖三合一【牛仔藍】", "link": "http://24h.pchome.com.tw/prod/DICFDZ-A9005NXK0", "desc": "DZRZVD杜戛地【男款】兩件式外套~防風.擋雨.保暖三合一【牛仔藍】", "price": 1599},
{"title": "【Columbia哥倫比亞】男款刷毛外套-黑色 UAE30390BK", "link": "http://24h.pchome.com.tw/prod/DXAL3E-A9008EU59", "desc": "2017秋冬新品【Columbia哥倫比亞】男款刷毛外套-黑 休閒.夾克.保暖(亞洲版型)", "price": 990},
{"title": "【Columbia哥倫比亞】男款刷毛外套-墨藍色 UAE30390IB", "link": "http://24h.pchome.com.tw/prod/DXAL3E-A9008EU61", "desc": "2017秋冬新品【Columbia哥倫比亞】男款刷毛外套-墨藍 保暖.休閒.夾克 (亞洲版型)", "price": 990},
{"title": "DZRZVD杜戛地【男款兩件式外套】~防風.擋雨.保暖三合一【土耳其藍(藍綠色)】", "link": "http://24h.pchome.com.tw/prod/DICFDZ-A9005OGZO", "desc": "DZRZVD杜戛地13077男款兩件式外套(藍綠色)", "price": 1599},
{"title": "【Columbia哥倫比亞】男款刷毛外套-灰色 UAE30390GY", "link": "http://24h.pchome.com.tw/prod/DXAL3E-A9008EU5P", "desc": "2017秋冬新品【Columbia哥倫比亞】男款刷毛外套-灰 保暖.休閒.毛呢(亞洲版型)", "price": 990},
{"title": "【Columbia哥倫比亞】男款刷毛外套-藍色 UAE30390BL", "link": "http://24h.pchome.com.tw/prod/DXAL3E-A9008EU56", "desc": "2017秋冬新品【Columbia哥倫比亞】男款刷毛外套-藍 保暖.運動.毛呢(亞洲版型)", "price": 990},
{"title": "The North Face  DryVent 防水外套 黑", "link": "http://24h.pchome.com.tw/prod/DEBLGZ-A9007TXU8", "desc": "The North Face DryVent 防水外套 黑", "price": 5380},
{"title": "Nike Golf 防風 超輕 長袖連帽 外套-黑 726569-010", "link": "http://24h.pchome.com.tw/prod/DXAG6A-A9007KLMY", "desc": "NIKE 防風輕量長袖連帽外套(黑)726569-010", "price": 3680},
{"title": "【加拿大STORMTECH】PXJ-2輕量防風防水旅行外套-男(深藍)", "link": "http://24h.pchome.com.tw/prod/DXAR13-A9006VZE2", "desc": "【加拿大STORMTECH】PXJ-2 輕量防風防水旅行外套-男(深藍) 防潑水/防風機能外套/透氣網眼", "price": 990},
{"title": "遊遍天下 男款抗UV防風防潑水反光條輕量連帽外套_黑色", "link": "http://24h.pchome.com.tw/prod/DEBL7B-A9007X2ON", "desc": "現在穿  最舒適遊遍天下 男款抗UV防風防潑水反光條輕量連帽外套G0310黑色", "price": 1380},
{"title": "超彈防水透濕機能性外套_藍紅", "link": "http://24h.pchome.com.tw/prod/DEBL7P-A9006OXY8", "desc": "超彈防水透濕機能性外套_藍紅 (中性款)", "price": 2000},
{"title": "The North Face 男 Gore-Tex 防水外套 藍", "link": "http://24h.pchome.com.tw/prod/DEBLGZ-A9007UPTD", "desc": "GORE-TEX防水透氣The North Face 男 Gore-Tex  防水外套 藍", "price": 7664},
{"title": "Korea MAN 率性休閒飛行夾克 薄款防風外套/男款風衣", "link": "http://24h.pchome.com.tw/prod/DICFR4-A9007WKKD", "desc": "▼限時特價‧SALE▼Korea Man 率性休閒飛行夾克 薄款防風外套", "price": 1148},
{"title": "【品樂.Ownn Yoga】韓版迷彩瑜伽路跑健身修身排汗外套(單賣外套)", "link": "http://24h.pchome.com.tw/prod/DXAF0R-A9007Q5B6", "desc": "【品樂.Ownn Yoga】韓版迷彩瑜伽路跑健身修身排汗外套(單賣外套)", "price": 758},
{"title": "【Columbia哥倫比亞】男款刷毛外套-紅色 UAE30390RD", "link": "http://24h.pchome.com.tw/prod/DXAL3E-A9008EU4R", "desc": "2017秋冬新品【Columbia哥倫比亞】男款刷毛外套-紅 運動.戶外.保暖(亞洲版型)", "price": 990},
{"title": "Ultimate Force 極限動力「鋒速」男款兩件式防風雪外套 (黑色)", "link": "http://24h.pchome.com.tw/prod/DICFN6-A9007PGQG", "desc": "Ultimate Force 極限動力「鋒速」兩件式防風雪外套,防潑水雙層禦寒! (黑色)", "price": 1680},
{"title": "【加拿大STORMTECH】XRJ-2 商務機能科技棉輕量保暖抗雨外套-男(碳灰)", "link": "http://24h.pchome.com.tw/prod/DXAR11-A9007K7CE", "desc": "◤原價3680︱超值搶殺!◢【加拿大STORMTECH】XRJ-2 商務機能科技棉輕量保暖抗雨外套-男(碳灰)", "price": 1499},
{"title": "【STORMTECH】SSJ-1防水透氣兩件式機能外套-男(黑)", "link": "http://24h.pchome.com.tw/prod/DEBL7K-A9005RIIT", "desc": "【加拿大STORMTECH】SSJ-1亮彩防水透氣兩件式外套-男(黑)", "price": 3680},
{"title": "【加拿大STORMTECH】XRJ-2 商務機能科技棉輕量保暖抗雨外套-男(暗夜藍)", "link": "http://24h.pchome.com.tw/prod/DXAR11-A9007K7F8", "desc": "◤原價3680︱超值搶殺!◢【加拿大STORMTECH】XRJ-2 商務機能科技棉輕量保暖抗雨外套-男(暗夜藍)", "price": 1499},
